{
  "model": "logistic-regression-v0.45.0",
  "n_features": 50,
  "feature_names": [
    "ai/any-density",
    "ai/comment-ratio",
    "ai/compression-profile",
    "ai/console-debug-storm",
    "ai/default-react-stack",
    "ai/errors-near-eof",
    "ai/fetch-default-overuse",
    "ai/library-reinvention",
    "ai/markdown-leakage",
    "ai/renyi-profile",
    "ai/segment-surprisal-cv",
    "ai/state-default-overuse",
    "ai/tailwind-color-overuse",
    "ai/text-like-ratio",
    "ai/whitespace-regularity",
    "n_lines",
    "avg_line_len",
    "max_line_len",
    "n_blank_lines",
    "comment_density",
    "n_todo_comments",
    "n_docstrings",
    "n_imports",
    "n_exports",
    "n_camelcase",
    "n_snake_case",
    "n_short_names",
    "cyclomatic_complexity",
    "n_exceptions",
    "n_branches",
    "indent_variance",
    "trailing_whitespace_ratio",
    "blank_line_ratio",
    "tab_vs_spaces",
    "n_consecutive_blank",
    "operator_spacing_consistency",
    "brace_style_consistency",
    "n_blank_after_function",
    "indent_unit_consistency",
    "string_quote_consistency",
    "n_any_types",
    "n_explicit_returns",
    "n_undefined_returns",
    "n_unused_locals",
    "n_unused_imports",
    "n_unused_parameters",
    "n_console_logs",
    "n_print_statements",
    "n_try_blocks",
    "n_async_awaits"
  ],
  "weights": [
    -0.2995750998086626,
    -0.29957509980866276,
    -0.2995750998086627,
    0.5198132892077068,
    -0.2995750998086627,
    -0.29957509980866254,
    0.5198132892077064,
    0.0,
    0.0,
    0.0,
    -0.29957509980866265,
    -0.29957509980866265,
    -0.299575099808663,
    0.0,
    -0.2995750998086624,
    0.0,
    0.0,
    0.0,
    0.0,
    0.0,
    0.0,
    0.0,
    0.0,
    0.0,
    0.0,
    0.0,
    0.0,
    0.0,
    0.0,
    0.0,
    0.0,
    0.0,
    0.0,
    0.0,
    0.0,
    0.0,
    0.0,
    0.0,
    0.0,
    0.0,
    0.0,
    0.0,
    0.0,
    0.0,
    0.0,
    0.0,
    0.0,
    0.0,
    0.0,
    0.0
  ],
  "bias": -0.3462622619827694,
  "scaler_mean": [
    0.4125,
    0.55,
    0.5125,
    0.7694444444444444,
    0.6708333333333333,
    0.4652777777777778,
    0.8152777777777779,
    0.0,
    0.0,
    0.0,
    0.5513888888888889,
    0.4430555555555556,
    0.5375000000000001,
    0.0,
    0.3777777777777778,
    0.0,
    0.0,
    0.0,
    0.0,
    0.0,
    0.0,
    0.0,
    0.0,
    0.0,
    0.0,
    0.0,
    0.0,
    0.0,
    0.0,
    0.0,
    0.0,
    0.0,
    0.0,
    0.0,
    0.0,
    0.0,
    0.0,
    0.0,
    0.0,
    0.0,
    0.0,
    0.0,
    0.0,
    0.0,
    0.0,
    0.0,
    0.0,
    0.0,
    0.0,
    0.0
  ],
  "scaler_std": [
    3.475786781435247,
    4.634382375246998,
    4.318401758752879,
    6.483454131027371,
    5.652542139505804,
    3.920500241686215,
    6.869652662297953,
    1.0,
    1.0,
    1.0,
    4.64608536104307,
    3.7332524689489697,
    4.5290555030823,
    1.0,
    3.183212136533285,
    1.0,
    1.0,
    1.0,
    1.0,
    1.0,
    1.0,
    1.0,
    1.0,
    1.0,
    1.0,
    1.0,
    1.0,
    1.0,
    1.0,
    1.0,
    1.0,
    1.0,
    1.0,
    1.0,
    1.0,
    1.0,
    1.0,
    1.0,
    1.0,
    1.0,
    1.0,
    1.0,
    1.0,
    1.0,
    1.0,
    1.0,
    1.0,
    1.0,
    1.0,
    1.0
  ]
}